{
   "flows": [
      {
         "priority": 50000,
         "timeout": 0,
         "isPermanent": true,
         "deviceId": "of:000078321bdf4000",
         "treatment": {
            "instructions": [
               {
                 "type":"L2MODIFICATION",
                 "subtype":"VLAN_PUSH"
               }
            ]
         },
         "selector": {
            "criteria": [
               {
                  "type": "IN_PORT",
                  "port": "1"
               }
            ]
         }
      }
   ]
}