{
	"flows": [
		{
			"priority": 40000,
			"timeout": 0,
			"isPermanent": true,
			"deviceId": "of:000078321bdf4000",
			"treatment": {
				"instructions": [
					{
						"type": "OUTPUT",
						"port": "2"
					}
				]
			},
			"selector": {
				"criteria": [
					{
						"type": "ETH_TYPE",
						"ethType": "0x0800"
					},
					{
						"type": "IPV4_SRC",
						"ip": "192.168.202.1/32"
					},
					{
						"type": "IPV4_DST",
						"ip": "192.168.202.2/32"
					}
				]
			}
		},		
		{
			"priority": 40000,
			"timeout": 0,
			"isPermanent": true,
			"deviceId": "of:000078321bdf4000",
			"treatment": {
				"instructions": [
					{
						"type": "OUTPUT",
						"port": "1"
					}
				]
			},
			"selector": {
				"criteria": [
					{
						"type": "ETH_TYPE",
						"ethType": "0x0800"
					},
					{
						"type": "IPV4_SRC",
						"ip": "192.168.202.2/32"
					},
					{
						"type": "IPV4_DST",
						"ip": "192.168.202.1/32"
					}
				]
			}
		}
		
	]
}
