{
  "flows":[
    {
      "priority":40001,
      "timeout":0,
      "isPermanent":true,
      "deviceId":"of:000078321bdf4000",
      "selector":{
        "criteria":[
          {
            "type":"ETH_TYPE",
            "ethType":"0x0800"
          },
          {
            "type":"IP_PROTO",
            "protocol":6
          },
          {
            "type":"TCP_SRC",
            "tcpPort":5001
          }
        ]
      },
      "treatment":{
        "instructions":[
          {
            "type":"OUTPUT",
            "port":"1"
          }
        ]
      }
    },
    {
      "priority":40002,
      "timeout":0,
      "isPermanent":true,
      "deviceId":"of:000078321bdf4000",
      "selector":{
        "criteria":[
          {
            "type":"ETH_TYPE",
            "ethType":"0x0800"
          },
          {
            "type":"IP_PROTO",
            "protocol":6
          },
          {
            "type":"TCP_DST",
            "tcpPort":5001
          }
        ]
      },
      "treatment":{
        "instructions":[
          {
            "type":"OUTPUT",
            "port":"2"
          }
        ]
      }
    }
  ]
}