{
	"flows": [
		{
			"priority": 40000,
			"timeout": 0,
			"isPermanent": true,
			"deviceId": "of:000078321bdf4000",
			"treatment": {
				"instructions": [
					{
						"type": "OUTPUT",
						"port": "2"
					}
				]
			},
			"selector": {
				"criteria": [
					{
						"type": "ETH_TYPE",
						"ethType": "0x0800"
					},
					{
						"type": "ETH_SRC",
						"mac": "D0:94:66:5D:5E:08"
					},
					{
						"type": "ETH_DST",
						"mac": "D0:94:66:5C:45:20"
					},
					{
						"type": "IP_PROTO",
						"protocol": 1
					},
					{
						"type": "IPV4_SRC",
						"ip": "192.168.9.13/32"
					},
					{
						"type": "IPV4_DST",
						"ip": "192.168.100.1/32"
					}
				]
			}
		}		
		
	]
}
