{
	"flows": [
		{
			"priority": 100,
			"timeout": 0,
			"isPermanent": true,
			"deviceId": "of:000078321bdf4000",
			"treatment": {
				"deferred": [
					{
						"type": "GROUP",
						"groupId": 805371905
					}
				]
			},
			"selector": {
				"criteria": [
					{
						"type": "IN_PORT",
						"port": "1"
					}
				]
			}
		},		
		{
			"priority": 100,
			"timeout": 0,
			"isPermanent": true,
			"deviceId": "of:000078321bdf4000",
			"treatment": {
				"deferred": [
					{
						"type": "GROUP",
						"groupId": 805371906
					}
				]
			},
			"selector": {
				"criteria": [
					{
						"type": "IN_PORT",
						"port": "2"
					}
				]
			}
		}
		
	]
}
