{
	"flows": [
		{
			"priority": 100,
			"timeout": 0,
			"isPermanent": true,
			"deviceId": "of:000078321bdf4000",
			"treatment": {
				"instructions": [
					{
						"type": "OUTPUT",
						"port": "1"
					}
				]
			},
			"selector": {
				"criteria": [
					{
						"type": "IN_PORT",
						"port": "2"
					}
				]
			}
		},		
		{
			"priority": 101,
			"timeout": 0,
			"isPermanent": true,
			"deviceId": "of:000078321bdf4000",
			"treatment": {
				"instructions": [
					{
						"type": "METER",
						"meterId": 1
					},
					{
						"type": "OUTPUT",
						"port": "2"
					}
				]
			},
			"selector": {
				"criteria": [
					{
						"type": "IN_PORT",
						"port": "1"
					}
				]
			}
		}
		
	]
}
