{
   "flows": [
      {
         "priority": 40000,
         "timeout": 0,
         "isPermanent": true,
         "deviceId": "of:000078321bdf4000",
         "treatment": {
            "instructions": [
               {
                  "type": "OUTPUT",
                  "port": "2"
               }
            ]
         },
         "selector": {
            "criteria": [
               {
                  "type": "IN_PHY_PORT",
                  "port": "1"
               }
            ]
         }
      },    
      {
         "priority": 40000,
         "timeout": 0,
         "isPermanent": true,
         "deviceId": "of:000078321bdf4000",
         "treatment": {
            "instructions": [
               {
                  "type": "OUTPUT",
                  "port": "1"
               }
            ]
         },
         "selector": {
            "criteria": [
               {
                  "type": "IN_PHY_PORT",
                  "port": "2"
               }
            ]
         }
      }
      
   ]
}
