{
    "flows": [
   	 {
   		 "priority": 40000,
   		 "timeout": 0,
   		 "isPermanent": true,
   		 "deviceId": "of:000078321bdf4000",
   		 "treatment": {
   			 "instructions": [
   				 {
   					 "type": "OUTPUT",
   					 "port": "2"
   				 }
   			 ]
   		 },
   		 "selector": {
   			 "criteria": [
   				 {
   					 "type": "ETH_TYPE",
   					 "ethType": "0x0800"
   				 },
   				 {
   					 "type": "VLAN_VID",
   					 "vlanId": "22"
   				 },
   				 {
   					 "type": "IPV4_SRC",
   					 "ip": "192.168.22.1/32"
   				 }
   			 ]
   		 }
   	 },   	 
   	 {
   		 "priority": 40000,
   		 "timeout": 0,
   		 "isPermanent": true,
   		 "deviceId": "of:000078321bdf4000",
   		 "treatment": {
   			 "instructions": [
   				 {
   					 "type": "OUTPUT",
   					 "port": "1"
   				 }
   			 ]
   		 },
   		 "selector": {
   			 "criteria": [
   				 {
   					 "type": "ETH_TYPE",
   					 "ethType": "0x0800"
   				 },
   				 {
   					 "type": "VLAN_VID",
   					 "vlanId": "22"
   				 },
   				 {
   					 "type": "IPV4_SRC",
   					 "ip": "192.168.22.2/32"
   				 }
   			 ]
   		 }
   	 }
   	 
    ]
}
