{
"flows":
    [
        {
            "priority":40001,
            "timeout":0,
            "isPermanent":true,
            "deviceId":"of:000078321bdf4000",
            "treatment":{
                "instructions":[
                    {
                        "type":"OUTPUT",
                        "port":"2"
                    } 
                ]
            },
            "selector":{
                "criteria":[
                    {
                        "type":"ETH_TYPE",
                        "ethType":"0x0800"
                    },
                    {
                        "type":"IP_PROTO",
                        "protocol":17
                    },
                    {
                        "type":"IN_PORT",
                        "port":"1"
                    },
                    {
                        "type":"UDP_SRC",
                        "udpPort":5001
                    } 
                ]
            }
        },
        {

            "priority":40002,
            "timeout":0,
            "isPermanent":true,
            "deviceId":"of:000078321bdf4000",
            "treatment":{
                "instructions":[
                    {
                        "type":"OUTPUT",
                        "port":"1"
                    }
                ]
            },
            "selector":{
                "criteria":[
                    {
                        "type":"ETH_TYPE",
                        "ethType":"0x0800"
                    },
                    {
                        "type":"IP_PROTO",
                        "protocol":17
                    },
                    {
                        "type":"IN_PORT",
                        "port":"2"
                    },
                    {
                        "type":"UDP_DST",
                        "udpPort":"5001"
                    }
                ]
            }
        }
    ]
}
