{
  "flows":[
    {
      "priority":40001,
      "timeout":0,
      "isPermanent":true,
      "deviceId":"of:000078321bdf4000",
      "selector":{
        "criteria":[
          {
            "type":"ETH_TYPE",
            "ethType":"0x86DD"
          },
          {
            "type":"IPV6_SRC",
            "ip":"fe80::d294:66ff:fe5d:5e08/128"
          }
        ]
      },
      "treatment":{
        "instructions":[
          {
            "type":"OUTPUT",
            "port":"2"
          }
        ]
      }
    },
    {
      "priority":40001,
      "timeout":0,
      "isPermanent":true,
      "deviceId":"of:000078321bdf4000",
      "selector":{
        "criteria":[
          {
            "type":"ETH_TYPE",
            "ethType":"0x86DD"
          },
          {
            "type":"IPV6_DST",
            "ip":"fe80::d294:66ff:fe5d:5e08/128"
          }
        ]
      },
      "treatment":{
        "instructions":[
          {
            "type":"OUTPUT",
            "port":"1"
          }
        ]
      }
    }
  ]
}